-- MySQL dump 10.13  Distrib 5.7.28, for macos10.14 (x86_64)
--
-- Host: localhost    Database: job_search_db
-- ------------------------------------------------------
-- Server version	5.7.28

/*!40101 SET @OLD_CHARACTER_SET_CLIENT=@@CHARACTER_SET_CLIENT */;
/*!40101 SET @OLD_CHARACTER_SET_RESULTS=@@CHARACTER_SET_RESULTS */;
/*!40101 SET @OLD_COLLATION_CONNECTION=@@COLLATION_CONNECTION */;
/*!40101 SET NAMES utf8 */;
/*!40103 SET @OLD_TIME_ZONE=@@TIME_ZONE */;
/*!40103 SET TIME_ZONE='+00:00' */;
/*!40014 SET @OLD_UNIQUE_CHECKS=@@UNIQUE_CHECKS, UNIQUE_CHECKS=0 */;
/*!40014 SET @OLD_FOREIGN_KEY_CHECKS=@@FOREIGN_KEY_CHECKS, FOREIGN_KEY_CHECKS=0 */;
/*!40101 SET @OLD_SQL_MODE=@@SQL_MODE, SQL_MODE='NO_AUTO_VALUE_ON_ZERO' */;
/*!40111 SET @OLD_SQL_NOTES=@@SQL_NOTES, SQL_NOTES=0 */;

--
-- Table structure for table `company`
--

DROP TABLE IF EXISTS `company`;
/*!40101 SET @saved_cs_client     = @@character_set_client */;
/*!40101 SET character_set_client = utf8 */;
CREATE TABLE `company` (
  `id` int(11) unsigned NOT NULL AUTO_INCREMENT,
  `information` text,
  `name` varchar(255) DEFAULT NULL,
  `news` text,
  `user_id` int(11) unsigned DEFAULT NULL,
  `website` varchar(255) DEFAULT NULL,
  PRIMARY KEY (`id`),
  KEY `FKdy4v2yb46hefqicjpyj7b7e4s` (`user_id`)
) ENGINE=MyISAM AUTO_INCREMENT=16 DEFAULT CHARSET=latin1;
/*!40101 SET character_set_client = @saved_cs_client */;

--
-- Dumping data for table `company`
--

LOCK TABLES `company` WRITE;
/*!40000 ALTER TABLE `company` DISABLE KEYS */;
INSERT INTO `company` VALUES (3,'We are cyber security experts fully capable of any custom software development needs in the IT security services sector.','Def-Logix','KENS 5 SAN ANTONIO SEGMENT\r\nDef-Logix CEO Paul Rivera speaks about Def-Logix and the growing need for Cyber Security and how “Military City USA” San Antonio, Texas is ready to take charge on the front.\r\n\r\nhttps://www.bizjournals.com/sanantonio/news/2017/11/21/untangling-cybersecurity-in-san-antonio-def-logix.html?ana=twt',3,NULL),(4,'Our Focus – Information Technology Consulting\r\nSince our beginning in 1999, our company’s focus has always been on the business and IT needs of our customers. Serving mid-size to large companies ($2+ billion), needs vary based upon size, economic factors, previous IT investment decisions, and a company’s future outlook. Whether it’s supporting legacy systems, integrating with third-parties, performing company-wide software upgrades, providing help desk and infrastructure support, or expanding into emerging technologies, Y&L has evolved based upon the needs of our clients.\r\n\r\nFor over 20 years, we have worked with business and IT leaders to accomplish their goals. More specifically, their goals have not been to create and integrate a piece of software, its’ been to improve back-end operations, its’ been to increase online sales, its’ been to improve internal and external communication, its’ been to address competitive threats, and its’ been to increase revenue and profit. Along the way, we have created Centers of Excellence, based upon extensive experience and industry best practices, that allow us to confidently offer the following:\r\n\r\nOnsite, Offsite, Nearshore and Offshore IT Development, QA and Maintenance\r\nOnsite, Offsite, Nearshore and Offshore Help Desk and Infrastructure Services\r\nAnalytics & Data Science Solutions\r\nBig Data, EDM and Business Intelligence Solutions\r\nRobotic Process Automation Services\r\nIoT and IIoT Technology Development\r\nSocial and Digital Media Services','Y & L Consulting','https://ylconsulting.com/about/',4,'https://ylconsulting.com/about'),(5,'Consulting','K-Force','News',4,NULL),(6,'Contract','Demin International','Contract',4,NULL),(7,'Contractor','TEKSystems','contractor',4,NULL),(8,'Security','Def-Logix','news',4,NULL),(10,'social network','Facebook','return to work',4,NULL),(11,'Raising\r\nThe Standard\r\nIn PACS AND\r\nTeleradiology\r\n\r\nOnePacs provides web-based, cloud PACS, RIS and Structured Reporting solutions for Teleradiology practices, Radiology Groups, Imaging Centers, Hospitals, Healthcare Networks, and Emergency Rooms.','OnePacs','Remote',4,NULL),(12,'company','Company 360','delete',3,NULL),(13,'One Degree is a technology driven nonprofit organization that helps individuals and families access the resources they need to improve their lives and achieve social and economic mobility. \r\nOur platform has become the go-to tool for help-seekers – and the people who support them, such as case managers and social workers – throughout the San Francisco Bay Area and Los Angeles County in California, and in Gainesville, Florida.\r\n\r\nWe currently operate three major products: the One Degree website and Android and iOS apps. Thousands of people in the Bay Area and Los Angeles rely on One Degree’s website and apps to access health care, food banks, employment services, and much more. We also support communities around the country to start their own One Degree chapters. Learn more about Chapters.','One Degree','https://about.1degree.org/about',4,NULL),(14,'Information','One Plus Robotics','news',4,NULL),(15,'Info','SWBC','news',4,'https://swbc.com');
/*!40000 ALTER TABLE `company` ENABLE KEYS */;
UNLOCK TABLES;

--
-- Table structure for table `job_post`
--

DROP TABLE IF EXISTS `job_post`;
/*!40101 SET @saved_cs_client     = @@character_set_client */;
/*!40101 SET character_set_client = utf8 */;
CREATE TABLE `job_post` (
  `id` int(11) unsigned NOT NULL AUTO_INCREMENT,
  `active` bit(1) NOT NULL,
  `applied_date` datetime DEFAULT CURRENT_TIMESTAMP,
  `description` text,
  `interview_attendants` text,
  `interview_date` datetime DEFAULT CURRENT_TIMESTAMP,
  `notes` text,
  `notified_date` datetime DEFAULT CURRENT_TIMESTAMP,
  `post_url` text,
  `thank_you_sent` datetime DEFAULT CURRENT_TIMESTAMP,
  `timestamp` datetime DEFAULT CURRENT_TIMESTAMP,
  `timeline` text,
  `title` varchar(255) DEFAULT NULL,
  `company_id` int(11) unsigned DEFAULT NULL,
  `user_id` int(11) unsigned DEFAULT NULL,
  `check_status` datetime DEFAULT CURRENT_TIMESTAMP,
  `cover_url` varchar(2000) DEFAULT NULL,
  `resume_url` varchar(2000) DEFAULT NULL,
  PRIMARY KEY (`id`),
  KEY `FKyg71tmq8ufg5uglukumbpn5t` (`company_id`),
  KEY `FKrrncms3so1q9atycut25ntoy` (`user_id`)
) ENGINE=MyISAM AUTO_INCREMENT=17 DEFAULT CHARSET=latin1;
/*!40101 SET character_set_client = @saved_cs_client */;

--
-- Dumping data for table `job_post`
--

LOCK TABLES `job_post` WRITE;
/*!40000 ALTER TABLE `job_post` DISABLE KEYS */;
INSERT INTO `job_post` VALUES (1,_binary '','2020-01-06 06:01:00','this is a very long job description this is a very long job description this is a very long job description this is a very long job description this is a very long job description this is a very long job description this is a very long job description this is a very long job description',NULL,'2020-01-07 06:01:00','current notes 2','2019-01-31 06:01:00','url','2020-01-08 06:01:00','2020-01-04 15:55:29','new timeline 2','Web Developer',3,3,'2020-01-16 06:01:00','https://cdn.filestackcontent.com/VdctAvT8QuWIrmIz9Iup','https://cdn.filestackcontent.com/0ZRIGNBqQ36yGy0mtpQN'),(2,_binary '\0','2020-01-04 06:01:00','Bachlors with 3-5 years experience Contract to Hire Position 1) Java with Spring Boot, JPA, Spring Cloud Stream (Kafka), MVC, REST, JPQL, JUnit, Drools, Redis, Git, IntelliJ or Eclipse 2) Angular 2/4, Typescript, CSS, Javascript, HTML, Git, Visual Studio Code or Webstorm 3) Scala, Spark, Hive, Linux, PostgreSQL, Git, Intellij or Eclipse 4) Teamcity, Octopus Deploy, AWS EC2, bash scripting, Terraform 5) Nodejs, Selenium, Java, REST, Postman, curl, jmeter, Linux Health Benefits offered - provided by Dice',NULL,NULL,NULL,'2020-01-04 06:01:00','https://www.linkedin.com/jobs/view/1658246852/',NULL,'2020-01-04 22:50:10','01/04/2020 - Applied','Java Developer',4,4,NULL,NULL,NULL),(3,_binary '','2020-01-04 06:01:00','Top Skills:\r\n\r\nSoftware development experience utilizing one or more of these development languages (Java and/or JavaScript) with at least 2 years using REST frameworks\r\nAbility to design and implement container based APIs using a container frameworks OpenShift, Docker, or Kubernetes.\r\nExperience of developing in an agile environment\r\n\r\nJob Description: \r\n\r\nAs a Software Engineer, it will be your responsibility to maintain code integrity and quality as well as ensure application architecture is designed for performance and resiliency.\r\n\r\nPRIMARY RESPONSIBILITIES:\r\n\r\nUtilizing technical expertise; Creates system requirements, performs design and analysis, and coding and unit testing of complex to highly complex system functionality and/or defect correction across multiple platforms. Identifies ideas to improve system performance and impact availability. Resolves complex technical design issues.\r\nProvides functional and/or technical guidance in evaluating applications systems or evaluating requests for proposals. Coordinates changes and influences and prioritizes tasks with business or technical departments.\r\nAnalyzes and influences technical, system, and/or user requirements. Identifies and creates solutions to improve system performance and availability. Facilitates root cause analysis of system issues to minimize impact and future occurrences.\r\nCreates system documentation/play book(s) and serves as a lead technical reviewer and contributor in requirements, design and code reviews. Typically serves as a resource to the business.',NULL,NULL,NULL,'2020-01-04 06:01:00','https://www.linkedin.com/job-apply/1566386648',NULL,'2020-01-05 00:11:13','01/04/2020 - Applied','Software Engineer',7,4,NULL,NULL,NULL),(4,_binary '','2019-01-30 06:01:00','Web developer wrong stack',NULL,'2020-01-02 06:01:00','Find more about the stack','2018-01-31 06:01:00','url','2020-01-03 06:01:00','2020-01-06 01:36:20','timeline','Web Developer',8,4,'2020-01-06 06:01:00',NULL,NULL),(6,_binary '','2020-01-07 06:01:00','SOFTWARE DEVELOPER, BUSINESS OPERATIONS ENGINEERING RESPONSIBILITIES\r\nDeliver robust, scalable technical solutions for thousands of Facebook employees around the world\r\nImplement solutions with languages such as Java, JavaScript, React, PHP, Python and SQL\r\nBecome an expert in our operational products\r\nProvide consultancy to our stakeholder, peer engineering and product teams\r\nSolve technical, operational and escalation issues, delivering the highest level of satisfaction\r\nDeliver data-driven, impactful results\r\nMINIMUM QUALIFICATIONS\r\nBachelor’s degree in Computer Science or related field (or equivalent degree and experience)\r\n3+ years of experience in software development\r\nProgramming experience in one or more of the following languages: Java, PHP, JavaScript, Ruby, Python\r\nPREFERRED QUALIFICATIONS\r\nProblem solving and analytical skills\r\nCommunication skills in English\r\nExperience building operational solutions\r\nFacebook\'s mission is to give people the power to build community and bring the world closer together. Through our family of apps and services, we\'re building a different kind of company that connects billions of people around the world, gives them ways to share what matters most to them, and helps bring people closer together. Whether we\'re creating new products or helping a small business expand its reach, people at Facebook are builders at heart. Our global teams are constantly iterating, solving problems, and working together to empower people around the world to build community and connect in meaningful ways. Together, we can help people build stronger communities — we\'re just getting started.\r\nFacebook is committed to providing reasonable accommodations for qualified individuals with disabilities and disabled veterans in our job application procedures. If you need assistance or an accommodation due to a disability, you may contact us at accommodations-ext@fb.com.',NULL,NULL,NULL,'2020-01-07 06:01:00','https://www.facebook.com/careers/jobs/458216678368772/',NULL,'2020-01-07 12:21:47','01/07/2020 - Found job','Software Developer, Business Operations Engineering',10,4,NULL,NULL,NULL),(7,_binary '','2020-01-07 06:01:00','INTERNAL SOLUTIONS ENGINEER, GLOBAL MARKETING SOLUTIONS RESPONSIBILITIES\r\nDesign, build, and support core backend and frontend software components.\r\nBuild software in the Facebook stack using primarily Hack, Javascript (+React) and Python.\r\nUse engineering skill sets in a business organization to drive meaningful business impact by looking at problems through an operational lens.\r\nPartner with cross-functional product and analytics teams to lead or contribute to large scale strategic projects as well as solve ongoing operational problems at scale.\r\nSelf-identify gaps, problems, needs, and come up with robust solutions with relative independence.\r\nMINIMUM QUALIFICATIONS\r\n2+ years of software engineering experience in PHP, Hack, Python, Java, C++ or similar.\r\n2+ years of software engineering experience in Javascript, React or similar.\r\nB.S. or M.S. in Computer Science or equivalent degree or experience.\r\nExperience in writing self-documented code, in conducting design and code reviews.\r\nExperience communicating technical concepts to non-technical audiences.\r\nFacebook\'s mission is to give people the power to build community and bring the world closer together. Through our family of apps and services, we\'re building a different kind of company that connects billions of people around the world, gives them ways to share what matters most to them, and helps bring people closer together. Whether we\'re creating new products or helping a small business expand its reach, people at Facebook are builders at heart. Our global teams are constantly iterating, solving problems, and working together to empower people around the world to build community and connect in meaningful ways. Together, we can help people build stronger communities — we\'re just getting started.\r\nFacebook is committed to providing reasonable accommodations for qualified individuals with disabilities and disabled veterans in our job application procedures. If you need assistance or an accommodation due to a disability, you may contact us at accommodations-ext@fb.com.',NULL,NULL,NULL,'2020-01-07 06:01:00','https://www.facebook.com/careers/jobs/422335722015169/',NULL,'2020-01-07 12:34:07','01/07/2020 - created post','Internal Solutions Engineer, Global Marketing Solutions',10,4,NULL,NULL,NULL),(8,_binary '','2020-01-07 06:01:00','SOLUTIONS ENGINEER RESPONSIBILITIES\r\nShip reliable, scalable, and efficient code to over 80 million businesses, serving billions of people in our community\r\nBuild new products and improve existing ones in collaboration with Facebook product engineering teams\r\nUnderstand the needs and challenges of different industries and businesses and build solutions to solve for these at scale\r\nInfluence the road map and product development of Facebook products to meet your industry\'s business challenges\r\nMINIMUM QUALIFICATIONS\r\n4+ years of experience shipping production quality code\r\nExperience communicating technical concepts to non-technical audiences\r\nB.S. or M.S. in Computer Science or equivalent degree or experience\r\nPREFERRED QUALIFICATIONS\r\nExperience contributing to open source projects, shared code repositories, and/or personal projects\r\nExperience with contributing to the development community (blogs, Stack Overflow, Quora, slack, etc.)\r\nExperience working in highly collaborative environments\r\nFacebook\'s mission is to give people the power to build community and bring the world closer together. Through our family of apps and services, we\'re building a different kind of company that connects billions of people around the world, gives them ways to share what matters most to them, and helps bring people closer together. Whether we\'re creating new products or helping a small business expand its reach, people at Facebook are builders at heart. Our global teams are constantly iterating, solving problems, and working together to empower people around the world to build community and connect in meaningful ways. Together, we can help people build stronger communities — we\'re just getting started.\r\nFacebook is committed to providing reasonable accommodations for qualified individuals with disabilities and disabled veterans in our job application procedures. If you need assistance or an accommodation due to a disability, you may contact us at accommodations-ext@fb.com.',NULL,NULL,NULL,'2020-01-07 06:01:00','https://www.facebook.com/careers/jobs/312795839378064/',NULL,'2020-01-07 12:36:13','01/07/2020','Solutions Engineer',10,4,NULL,NULL,NULL),(9,_binary '','2020-01-07 06:01:00','Overview\r\nSeeking a full-stack Java / Javascript developer for a full-time telecommute position at a fast-growing medical imaging software company.\r\n \r\nEducation Requirements\r\nBachelor’s Degree or higher in Computer Science (or related field of study) or equivalent work experience.\r\n\r\n \r\nTechnical Skills\r\nJava 8+ proficiency (Dependency injection, JMS, JMX, web application frameworks)\r\nJavascript proficiency (Core competency in basic JS coding, familiarity with common JS frameworks, and familiarity with test frameworks)\r\nSQL\r\nJSON, XML\r\n\r\n \r\nDuties and Responsibilities\r\nDesign and implement new features according to specifications\r\nResolve defects in existing software\r\nParticipate in internal technical discussions relating to product functionality, deployment issues, technical support issues.\r\nAssist technical support team with advanced questions\r\nAuthor technical documentation as needed\r\nParticipate in code reviews',NULL,NULL,NULL,'2020-01-07 06:01:00','https://onepacs.com/career-opportunities/java-javascript-software-developer/',NULL,'2020-01-08 00:11:55','save post','Remote Java/Javascript Software Developer',11,4,NULL,NULL,NULL),(10,_binary '\0','2020-01-08 06:01:00','description',NULL,NULL,NULL,'2020-01-08 06:01:00','url',NULL,'2020-01-08 21:38:15','create','Web Developer',12,3,NULL,NULL,NULL),(11,_binary '\0','2020-01-13 06:01:00','description',NULL,NULL,NULL,'2020-01-20 06:01:00','url',NULL,'2020-01-12 14:03:59','timeline','Web Developer',12,3,NULL,NULL,NULL),(12,_binary '\0','2020-01-13 06:01:00','description',NULL,NULL,NULL,'2020-01-13 06:01:00','url',NULL,'2020-01-12 14:08:29','new','Senior Web Developer',3,3,NULL,'https://cdn.filestackcontent.com/kUxz581tSC62AZJ2BhDv','https://cdn.filestackcontent.com/qNycWNG8QYCqNaIHMoJK'),(13,_binary '','2020-01-13 06:01:00','As a Software Engineer, you will…\r\n\r\ndevelop and improve products and features that directly help low-income and at-risk families\r\nfind and squash bugs\r\ncoordinate with other engineers to accomplish complex projects\r\nhelp members directly through light technical support as needed\r\nwork in a variety of platforms and frameworks, on the client and server\r\nwork with a variety of people, including non-technical stakeholders, low-income families, and other staff\r\nIf you...\r\n\r\ncare deeply about social justice and equity\r\nwant to spend your days working on something that matters, helping people in meaningful ways\r\nenjoy working alone (about 80% of the time), but can easily work with others – you will be supported by a team of fellow smart, mission-driven engineers\r\nlike to write clean, efficient code that solves real-world problems, not theoretical ones\r\nlike the idea of working at a small, flexible, mission-driven nonprofit organization\r\napproach software engineering with humility and an interest in learning\r\nbelieve your code will improve with input from others\r\ncan pass a background check (because you will have access to sensitive user information)\r\nAnd have…\r\n\r\na BS/BA degree, or equivalent knowledge, in Computer Science or related field\r\nat least 2 years of experience as a software developer, maintaining products for real users\r\nexpertise in HTML, CSS, and JavaScript\r\nexperience with Rails and AngularJS, or similar web frameworks\r\nexperience with or an interest in learning iOS/Swift and Android/Java/Kotlin development\r\nexperience using Git\r\nexperience and an appreciation for writing tests\r\nworking knowledge of SQL, MongoDB, Solr or similar\r\nThen you should…\r\n\r\nsubmit a brief cover email and resume by January 10 here.\r\nsend us a link to some of your live work or code.',NULL,NULL,NULL,'2020-01-13 06:01:00','https://www.indeed.com/viewjob?jk=3bfba8ab151f598c',NULL,'2020-01-13 20:42:31','01/13/2020 - Applied','Software Engineer',13,4,NULL,'','https://cdn.filestackcontent.com/9leUumjT1GMGgDH7X6HQ'),(14,_binary '','2020-01-14 06:01:00','description',NULL,NULL,'','2020-01-14 06:01:00','url',NULL,'2020-01-14 21:51:13','timeline','Web Developer Senior',12,3,NULL,'https://cdn.filestackcontent.com/LxR0JTnGTtOvrVMKvl6K','https://cdn.filestackcontent.com/yKJ2AC9ETXONcBjookT2'),(15,_binary '\0','2020-01-21 06:01:00','Jr. Web Developer\r\nPlus One Robotics takes a novel approach to human/robot collaboration.  As a Junior Web Developer, you are joining a team of passionate web developers and web engineers that are adding ‘human-in-the-loop’ capabilities to the robot’s workflow.  In short, even the best AI-enabled computer vision system is not perfect. Sometimes the robot needs help from a human.  Plus One’s “Yonder” system enables robots to call for help over the internet where a single human on the other side can respond to this and many other robots.\r\n\r\nAs a Junior Web Developer at Plus One Robotics, you will help design, build, and test various functions of the Yonder system. Our web engineers are responsible for the performance, testing, and implementation of full-stack JavaScript that can service humans and robots across the globe.\r\n\r\nWe primarily deploy on Linux and Cloud environments, with a stack including React, Redux, Nodejs, and Docker.\r\n\r\nDuties include:\r\nExecutes sprint taskings by writing high-quality code utilizing open source and existing in-house technology\r\nAssists in making designs and assists in testing technical solutions\r\nCreates unit, integration, and end-to-end tests\r\nEffectively manages his/her own time independently in order to estimate time requirements and complete sprint goals.\r\nAssists in reviewing code submitted by others for quality and completeness.\r\nIs responsive to and participative in team communications during business hours via in-person, phone, and chats.\r\nGives periodic demonstrations of their work progress to the broader team including executives.\r\nCreates developer documentation describing new functionality they have created.\r\nWorks well with others and respectful of those will differing skill sets and expertise levels.\r\nAdheres to the overall branching and CICD workflows established by their immediate team.\r\nAbove all: The Junior Developer is willing to learn from senior team members and, if necessary, be self-determined to rapidly become proficient in unfamiliar technologies currently used by the team.\r\nWe are seeking:\r\nFamiliarity with common web development technologies and concepts in including JavaScript, React, Nodejs, and basic networking (certain knowledge gaps can be filled on the job).\r\nFamiliarity with the Linux operating system, namely Ubuntu.\r\nBasic proficiency with Git.\r\nSome familiarity with React, Redux, NodeJS, Docker, GraphQL, HTML, CSS and/or RxJS.\r\nAbility to adapt with changing technologies & frameworks.\r\nAbility to learn new skills, tools, development kits, frameworks, etc. A growth mindset.\r\nExcellent analytical skills and attention to detail.\r\nExcellent verbal and written communications skills in English.\r\nComfortable managing multiple tasks simultaneously.\r\nNice to Haves:\r\nBS in Comp-Sci or a related field, or equivalent applicable industry experience\r\n1-3 years professional developer experience\r\nFamiliarity with cloud architectures (AWS, Azure, Google Cloud)\r\nFamiliarity with Docker/Containerization\r\nWhat We Offer:\r\nThe opportunity to change the world by bringing people and robots together\r\nCompetitive salary with 100% paid for benefits, and equity opportunity\r\n8-week 100% paid maternity leave\r\n4-week 100% paid paternity leave\r\nWorld-class team (founders of ROS-Industrial OSS)\r\nCreative, dynamic, energetic work environment\r\nOpportunity to indulge your passion for robots',NULL,NULL,'Uploaded resume','2020-01-21 06:01:00','https://plusonerobotics.com/careers/jr-web-developer/',NULL,'2020-01-21 19:54:31','01/21/2020 - Created','Jr. Web Developer',14,4,NULL,'https://cdn.filestackcontent.com/u5EiwCKESh2fkfK5OXYA','https://cdn.filestackcontent.com/GvGQfgF7TBKZTNk1OsKx'),(16,_binary '','2020-01-25 06:01:00','Develops and maintains our customer interfacing applications and core internal integrations. Works within self-organized teams to ensure software is built to customer expectations.\r\nESSENTIAL DUTIES\r\n\r\nMaintains existing systems and fix defects, as necessary.\r\nAutomates processes to improve efficiency.\r\nBuilds tools to eliminate repetitive tasks.\r\nParticipates in self-organizing teams working toward a common goal.\r\nResponds to issues as they arise and partner with Systems Assurance Group to improve monitoring.\r\nPerforms all other duties as assigned.\r\nMINIMUM REQUIREMENTS\r\n\r\nBachelor’s Degree from an accredited college or four-year university or equivalent experience required.\r\nMinimum of one (1) year of experience required with working knowledge of basic web development practices, i.e. HTML, CSS, JavaScript, JQuery, etc., as well as working knowledge of object oriented languages and concepts. Experience querying databases for data creation and retrieval.\r\nMust have proficient Microsoft Office skills, including Outlook, Word, and Excel.\r\nMust have excellent verbal and written communication skills.\r\nMust have exposure to external data storage systems, such as files shares, databases, flat files, etc.\r\nMust be familiar with basic web development practices, i.e. HTML, CSS, JavaScript, JQuery, etc.\r\nMust be familiar with team development tools and source control, i.e. Visual Studio, TFS, CVS, JIRA, GIT, etc.\r\nMust be familiar with and working toward improving working knowledge of OOP, SOLID, and design patterns.\r\nMust be familiar with the principles of SDLC and separation of duties.\r\nMust be able to effectively write code and develop solutions in several different programming languages, including Java, ASP .NET, JavaScript/JQuery, VB/C#, TSQL, HTML/CSS, etc.\r\nMust be able to participate in operational support and on-call rotation.\r\nMust be able to write and assess performance of basic SQL queries.\r\nMust be able to keep up-to-date on the latest testing methods and technologies to producing high-quality software.\r\nMust be able to use basic office equipment, including copy machine, personal computer, and fax.\r\nMust be able to sit for long periods of time performing sedentary activities.\r\nMust be able to stand, stoop, and kneel to file for long periods of time.\r\nMust be able to push, pull, and lift up to 20 lbs. of files, supplies, documents, or other related items.\r\nADDITIONAL INFORMATION\r\n\r\nSWBC is a Substance-Free Workplace and requires pre-employment drug testing.\r\nPlease note, SWBC does not hire tobacco users as allowed by law.\r\nSWBC offers an excellent employee benefits package that includes: 401(k) with company match, medical/dental, Life, Long Term Disability, Accidental Death and Dismemberment, and Long Term Care insurance policies. SWBC also provides opportunities for professional growth. To learn more about SWBC, visit our website at www.SWBC.com . If interested, please click the appropriate apply button. Only those candidates who meet the minimum requirements need apply.',NULL,NULL,NULL,'2020-01-25 06:01:00','https://www.indeed.com/viewjob?jk=63ad75379cda8e7d&from=myjobs&tk=1dvfbtbot24bo000',NULL,'2020-01-25 22:12:33','01/25/20202 - Creared','Application Developer',15,4,NULL,'https://cdn.filestackcontent.com/tQxg0pJSPing6ybpcoRr','https://cdn.filestackcontent.com/eYFfJtemRKSRI5V8PIm7');
/*!40000 ALTER TABLE `job_post` ENABLE KEYS */;
UNLOCK TABLES;

--
-- Table structure for table `user`
--

DROP TABLE IF EXISTS `user`;
/*!40101 SET @saved_cs_client     = @@character_set_client */;
/*!40101 SET character_set_client = utf8 */;
CREATE TABLE `user` (
  `id` int(11) unsigned NOT NULL AUTO_INCREMENT,
  `email` varchar(255) NOT NULL,
  `password` varchar(255) NOT NULL,
  `timestamp` datetime DEFAULT CURRENT_TIMESTAMP,
  `username` varchar(255) NOT NULL,
  PRIMARY KEY (`id`),
  UNIQUE KEY `UK_ob8kqyqqgmefl0aco34akdtpe` (`email`),
  UNIQUE KEY `UK_sb8bbouer5wak8vyiiy4pf2bx` (`username`)
) ENGINE=MyISAM AUTO_INCREMENT=7 DEFAULT CHARSET=latin1;
/*!40101 SET character_set_client = @saved_cs_client */;

--
-- Dumping data for table `user`
--

LOCK TABLES `user` WRITE;
/*!40000 ALTER TABLE `user` DISABLE KEYS */;
INSERT INTO `user` VALUES (3,'email@gmail.com','$2a$10$hpP2DgTLjduxO782/4l3XumcdnqydO988NxR8RwxLVKwfWcsk/PIK',NULL,'newUser'),(4,'gloria.laura.vela@gmail.com','$2a$10$ohEmuBQ8a.JUOkH7lWr3WuisuP1ELhAiET4anyGYZZuL62HwnseBS',NULL,'laura'),(5,'newUser2@gmail.com','$2a$10$e/XE74pZV5YnQFv4jj4GRuk6/lVWmx29xboY846qyBbw/7sGue9Ju',NULL,'admin'),(6,'gl_mf@yahoo.com','$2a$10$ohEmuBQ8a.JUOkH7lWr3WuisuP1ELhAiET4anyGYZZuL62HwnseBS',NULL,'laura2');
/*!40000 ALTER TABLE `user` ENABLE KEYS */;
UNLOCK TABLES;
/*!40103 SET TIME_ZONE=@OLD_TIME_ZONE */;

/*!40101 SET SQL_MODE=@OLD_SQL_MODE */;
/*!40014 SET FOREIGN_KEY_CHECKS=@OLD_FOREIGN_KEY_CHECKS */;
/*!40014 SET UNIQUE_CHECKS=@OLD_UNIQUE_CHECKS */;
/*!40101 SET CHARACTER_SET_CLIENT=@OLD_CHARACTER_SET_CLIENT */;
/*!40101 SET CHARACTER_SET_RESULTS=@OLD_CHARACTER_SET_RESULTS */;
/*!40101 SET COLLATION_CONNECTION=@OLD_COLLATION_CONNECTION */;
/*!40111 SET SQL_NOTES=@OLD_SQL_NOTES */;

-- Dump completed on 2020-01-28 11:40:54
